date,strategy,ret_net,turnover,cost,n_assets,cov_method,cost_bps,seed
2003-03-31,1/N,-0.07024699871208541,0.0,0.0,34,ewma,10,137
2003-03-31,GA-UQ,0.042170413993086894,0.0,0.0,34,ewma,10,137
2003-04-30,1/N,0.1749778054369421,0.06792824299288255,6.792824299288256e-05,34,ewma,10,137
2003-04-30,GA-UQ,0.03948737370589823,0.22700583554320036,0.00022700583554320037,34,ewma,10,137
2003-05-31,1/N,0.053487537194904095,0.08873135705686638,8.873135705686639e-05,34,ewma,10,137
2003-05-31,GA-UQ,0.05175726706856064,0.21705825765354508,0.0002170582576535451,34,ewma,10,137
2003-06-30,1/N,0.032091734219132695,0.06769661655422204,6.769661655422205e-05,34,ewma,10,137
2003-06-30,GA-UQ,-0.05051830648020257,0.16753881994672246,0.00016753881994672245,34,ewma,10,137
2003-07-31,1/N,0.05294030080981547,0.08525571311648739,8.525571311648739e-05,34,ewma,10,137
2003-07-31,GA-UQ,-0.01001658777537204,0.03849568246500723,3.849568246500723e-05,34,ewma,10,137
2003-08-31,1/N,0.03909039694121792,0.056562389875960975,5.6562389875960975e-05,34,ewma,10,137
2003-08-31,GA-UQ,0.021089521675703573,0.32947633873951504,0.00032947633873951505,34,ewma,10,137
2003-09-30,1/N,-0.035704937328371475,0.05390435338488627,5.390435338488627e-05,34,ewma,10,137
2003-09-30,GA-UQ,0.020748416833585026,0.28566177276243565,0.0002856617727624357,34,ewma,10,137
2003-10-31,1/N,0.08766990596215889,0.057321731400811364,5.7321731400811364e-05,34,ewma,10,137
2003-10-31,GA-UQ,0.022208477748130104,0.5618345915748737,0.0005618345915748737,34,ewma,10,137
2003-11-30,1/N,0.014134884663428073,0.06919936247436151,6.91993624743615e-05,34,ewma,10,137
2003-11-30,GA-UQ,0.0522265571100049,0.47677238715019477,0.00047677238715019475,34,ewma,10,137
2003-12-31,1/N,-0.001180742344094532,0.048614103445944024,4.861410344594402e-05,34,ewma,10,137
2003-12-31,GA-UQ,-0.012926748790227982,0.13533794184545006,0.00013533794184545007,34,ewma,10,137
2004-01-31,1/N,0.04798460227342057,0.04389192378110868,4.389192378110868e-05,34,ewma,10,137
2004-01-31,GA-UQ,0.0016059656171511544,0.5642719596239939,0.000564271959623994,34,ewma,10,137
2004-02-29,1/N,0.037650926997420446,0.05671334945058758,5.671334945058758e-05,34,ewma,10,137
2004-02-29,GA-UQ,0.08991036896585283,1.1270403819309065,0.0011270403819309065,34,ewma,10,137
2004-03-31,1/N,-0.020341163178956217,0.06676589858758236,6.676589858758237e-05,34,ewma,10,137
2004-03-31,GA-UQ,0.09244729072985508,0.5012685265165825,0.0005012685265165825,34,ewma,10,137
2004-04-30,1/N,0.00847429381178863,0.04841538435509293,4.8415384355092936e-05,34,ewma,10,137
2004-04-30,GA-UQ,0.018284984196584586,0.20541298843518452,0.00020541298843518454,34,ewma,10,137
2004-05-31,1/N,-0.011446302981822497,0.04949718199300593,4.949718199300593e-05,34,ewma,10,137
2004-05-31,GA-UQ,0.06755624618814837,0.25251928456100897,0.00025251928456100897,34,ewma,10,137
2004-06-30,1/N,0.030629650345350666,0.040543483716571724,4.054348371657172e-05,34,ewma,10,137
2004-06-30,GA-UQ,0.050639874625933105,0.28628092722293064,0.00028628092722293063,34,ewma,10,137
2004-07-31,1/N,-0.03755622509169537,0.043543048859607345,4.3543048859607345e-05,34,ewma,10,137
2004-07-31,GA-UQ,-0.0012535349667088399,0.25635713952557854,0.00025635713952557856,34,ewma,10,137
2004-08-31,1/N,-0.0214671462992293,0.0335720003829896,3.35720003829896e-05,34,ewma,10,137
2004-08-31,GA-UQ,0.0752909616294167,0.4537052181305805,0.00045370521813058054,34,ewma,10,137
2004-09-30,1/N,-0.00039828368574356917,0.05653213242125431,5.653213242125431e-05,34,ewma,10,137
2004-09-30,GA-UQ,0.041084978970557046,0.24315306784640756,0.00024315306784640755,34,ewma,10,137
2004-10-31,1/N,0.025195996084718716,0.04722034753127935,4.7220347531279354e-05,34,ewma,10,137
2004-10-31,GA-UQ,0.06530750770811196,0.30069736573577927,0.0003006973657357793,34,ewma,10,137
2004-11-30,1/N,0.03489010205421919,0.04070443627211974,4.0704436272119744e-05,34,ewma,10,137
2004-11-30,GA-UQ,0.07381452493446397,0.6557065458121726,0.0006557065458121726,34,ewma,10,137
2004-12-31,1/N,0.018630914118644905,0.04284357224463524,4.284357224463524e-05,34,ewma,10,137
2004-12-31,GA-UQ,-0.06788215183415089,0.22304677145156915,0.00022304677145156915,34,ewma,10,137
2005-01-31,1/N,0.024035877300575152,0.03830681359388601,3.830681359388601e-05,34,ewma,10,137
2005-01-31,GA-UQ,0.0027300758990507837,0.07462356746558799,7.462356746558798e-05,34,ewma,10,137
2005-02-28,1/N,0.03797045187828555,0.042643157470357004,4.2643157470357004e-05,34,ewma,10,137
2005-02-28,GA-UQ,0.06541441382010754,0.5353730236594304,0.0005353730236594304,34,ewma,10,137
2005-03-31,1/N,-0.014334228872535012,0.04993126963490874,4.993126963490874e-05,34,ewma,10,137
2005-03-31,GA-UQ,-0.11755778707202785,0.2284644242716464,0.0002284644242716464,34,ewma,10,137
2005-04-30,1/N,-0.05921271231830645,0.049091254184006075,4.909125418400608e-05,34,ewma,10,137
2005-04-30,GA-UQ,-0.17912676061039848,0.354173939781,0.000354173939781,34,ewma,10,137
2005-05-31,1/N,0.05921174075567992,0.040503280674783634,4.0503280674783635e-05,34,ewma,10,137
2005-05-31,GA-UQ,0.06184714534322406,0.6175016565384475,0.0006175016565384474,34,ewma,10,137
2005-06-30,1/N,0.03825203886155673,0.04488339020816326,4.4883390208163264e-05,34,ewma,10,137
2005-06-30,GA-UQ,0.06527992889347668,1.0484151336956127,0.0010484151336956128,34,ewma,10,137
2005-07-31,1/N,0.05139730338805687,0.028074061745664555,2.8074061745664557e-05,34,ewma,10,137
2005-07-31,GA-UQ,0.05911853551730568,0.18074148605216764,0.00018074148605216764,34,ewma,10,137
2005-08-31,1/N,-0.012124682347620137,0.03433638097910576,3.4336380979105764e-05,34,ewma,10,137
2005-08-31,GA-UQ,0.00280734115896293,0.30286298590206556,0.0003028629859020656,34,ewma,10,137
2005-09-30,1/N,0.05147069717847684,0.04002221383961395,4.002221383961395e-05,34,ewma,10,137
2005-09-30,GA-UQ,0.013397702168043972,0.3315168989931614,0.0003315168989931614,34,ewma,10,137
2005-10-31,1/N,-0.03843812242941109,0.0359745005543432,3.5974500554343205e-05,34,ewma,10,137
2005-10-31,GA-UQ,-0.09931433544606635,0.04994194951766769,4.9941949517667694e-05,34,ewma,10,137
2005-11-30,1/N,0.03441478885436563,0.039852827071629904,3.98528270716299e-05,34,ewma,10,137
2005-11-30,GA-UQ,0.048121347542991806,0.450308089540076,0.000450308089540076,34,ewma,10,137
2005-12-31,1/N,0.02174025813125597,0.03924949866206455,3.924949866206455e-05,34,ewma,10,137
2005-12-31,GA-UQ,0.02083013351217035,0.5874860581428563,0.0005874860581428563,34,ewma,10,137
2006-01-31,1/N,0.04984751345681479,0.04258452437100112,4.258452437100112e-05,34,ewma,10,137
2006-01-31,GA-UQ,0.15311288676781876,0.5301565380520189,0.0005301565380520189,34,ewma,10,137
2006-02-28,1/N,0.015302480531308268,0.028036228136513908,2.803622813651391e-05,34,ewma,10,137
2006-02-28,GA-UQ,-0.010455203464515797,0.44157474375969574,0.00044157474375969573,34,ewma,10,137
2006-03-31,1/N,0.034573202363285774,0.04788073210731128,4.788073210731128e-05,34,ewma,10,137
2006-03-31,GA-UQ,0.06847288781946673,0.5089429165693005,0.0005089429165693005,34,ewma,10,137
2006-04-30,1/N,-0.000467049497315455,0.04183020496397766,4.183020496397766e-05,34,ewma,10,137
2006-04-30,GA-UQ,-0.03734666652385457,0.02181233955458157,2.1812339554581572e-05,34,ewma,10,137
2006-05-31,1/N,-0.06359088171259247,0.03773246825539111,3.773246825539111e-05,34,ewma,10,137
2006-05-31,GA-UQ,-0.0952913744348715,0.12362263843236099,0.00012362263843236098,34,ewma,10,137
2006-06-30,1/N,-0.0025097667207458693,0.03886893278079881,3.886893278079881e-05,34,ewma,10,137
2006-06-30,GA-UQ,0.02921019898017311,0.47404573420242846,0.0004740457342024285,34,ewma,10,137
2006-07-31,1/N,-0.01552200562549922,0.03313987908493561,3.313987908493561e-05,34,ewma,10,137
2006-07-31,GA-UQ,0.025060754226491393,0.44179400396419294,0.0004417940039641929,34,ewma,10,137
2006-08-31,1/N,0.0544688763503889,0.038839666177064414,3.883966617706441e-05,34,ewma,10,137
2006-08-31,GA-UQ,0.025905028582116033,0.2671508007026969,0.0002671508007026969,34,ewma,10,137
2006-09-30,1/N,0.01543413457623604,0.057490380988281374,5.7490380988281376e-05,34,ewma,10,137
2006-09-30,GA-UQ,0.0402883296252372,0.6372761466479915,0.0006372761466479915,34,ewma,10,137
2006-10-31,1/N,0.026286419541550036,0.03194546713474139,3.194546713474139e-05,34,ewma,10,137
2006-10-31,GA-UQ,0.07831123604028271,0.47423193940359165,0.0004742319394035917,34,ewma,10,137
2006-11-30,1/N,0.005492984492071115,0.032986260072917266,3.298626007291727e-05,34,ewma,10,137
2006-11-30,GA-UQ,0.004798274526224895,0.016685807889181562,1.6685807889181562e-05,34,ewma,10,137
2006-12-31,1/N,0.04019101694862834,0.03716206343136362,3.7162063431363624e-05,34,ewma,10,137
2006-12-31,GA-UQ,0.023218898702758606,0.41560206889617196,0.00041560206889617197,34,ewma,10,137
2007-01-31,1/N,0.02791115463091284,0.03929339316259329,3.9293393162593287e-05,34,ewma,10,137
2007-01-31,GA-UQ,0.09354284349738082,0.048647828081002265,4.8647828081002264e-05,34,ewma,10,137
2007-02-28,1/N,-0.00043625459278843554,0.03333555013180094,3.333555013180094e-05,34,ewma,10,137
2007-02-28,GA-UQ,0.013447791891294438,0.2786311896273859,0.00027863118962738595,34,ewma,10,137
2007-03-31,1/N,0.045289670987566415,0.04392801096210377,4.3928010962103767e-05,34,ewma,10,137
2007-03-31,GA-UQ,0.07992514242059534,0.19815921737624748,0.00019815921737624748,34,ewma,10,137
2007-04-30,1/N,0.040988785846429544,0.039313703737600895,3.9313703737600896e-05,34,ewma,10,137
2007-04-30,GA-UQ,0.012485372304378312,0.08334995976514667,8.334995976514668e-05,34,ewma,10,137
2007-05-31,1/N,0.0231121817602362,0.04573893249413805,4.573893249413805e-05,34,ewma,10,137
2007-05-31,GA-UQ,0.037746350042550704,0.06790518568540445,6.790518568540445e-05,34,ewma,10,137
2007-06-30,1/N,0.0003545432591074716,0.03906390624084333,3.906390624084333e-05,34,ewma,10,137
2007-06-30,GA-UQ,-0.005846950303070683,0.3028057978278374,0.0003028057978278374,34,ewma,10,137
2007-07-31,1/N,-0.042529728739189386,0.039225612215776556,3.922561221577656e-05,34,ewma,10,137
2007-07-31,GA-UQ,0.0034623138718785024,0.34701374901474874,0.00034701374901474874,34,ewma,10,137
2007-08-31,1/N,-0.015289827713135763,0.03716924820202608,3.716924820202608e-05,34,ewma,10,137
2007-08-31,GA-UQ,0.008614645525337559,0.30591127507479793,0.0003059112750747979,34,ewma,10,137
2007-09-30,1/N,0.002529850311379478,0.03733544481341605,3.7335444813416055e-05,34,ewma,10,137
2007-09-30,GA-UQ,0.08882424723206916,0.4653363256884989,0.0004653363256884989,34,ewma,10,137
2007-10-31,1/N,0.025510952555279992,0.030063350863336703,3.0063350863336703e-05,34,ewma,10,137
2007-10-31,GA-UQ,0.1213234341893737,0.22853847585937906,0.00022853847585937905,34,ewma,10,137
2007-11-30,1/N,-0.06796619394865813,0.04612294414049171,4.612294414049171e-05,34,ewma,10,137
2007-11-30,GA-UQ,-0.06341447379978794,0.09151970391211732,9.151970391211732e-05,34,ewma,10,137
2007-12-31,1/N,-0.022269148471178023,0.03878536745070024,3.878536745070024e-05,34,ewma,10,137
2007-12-31,GA-UQ,-0.032548974639778044,0.04376862249075551,4.3768622490755514e-05,34,ewma,10,137
2008-01-31,1/N,-0.12542839169365208,0.05820580748207088,5.820580748207088e-05,34,ewma,10,137
2008-01-31,GA-UQ,-0.09285644915613664,0.29842661459694864,0.00029842661459694866,34,ewma,10,137
2008-02-29,1/N,-4.312256104097156e-05,0.04767973794627639,4.7679737946276394e-05,34,ewma,10,137
2008-02-29,GA-UQ,0.05635433187800797,0.2904825140235901,0.0002904825140235901,34,ewma,10,137
2008-03-31,1/N,-0.011537999661659038,0.04988782262379364,4.988782262379364e-05,34,ewma,10,137
2008-03-31,GA-UQ,-0.020852350513296036,0.35476285317883854,0.00035476285317883856,34,ewma,10,137
2008-04-30,1/N,0.03900651920839096,0.0442295676576885,4.42295676576885e-05,34,ewma,10,137
2008-04-30,GA-UQ,0.07996558527713561,0.3218630391504671,0.00032186303915046713,34,ewma,10,137
2008-05-31,1/N,0.015189201966462057,0.040233601173372074,4.0233601173372076e-05,34,ewma,10,137
2008-05-31,GA-UQ,0.09068918817641458,0.189829047440434,0.000189829047440434,34,ewma,10,137
2008-06-30,1/N,-0.1389971577352195,0.06306531001652317,6.306531001652317e-05,34,ewma,10,137
2008-06-30,GA-UQ,-0.08259654708792596,0.12129493272373343,0.00012129493272373343,34,ewma,10,137
2008-07-31,1/N,-0.005255354660171688,0.041085664500993276,4.1085664500993276e-05,34,ewma,10,137
2008-07-31,GA-UQ,-0.026004738917729475,0.03347214219744321,3.347214219744321e-05,34,ewma,10,137
2008-08-31,1/N,0.049776199793154,0.06106766927294617,6.106766927294618e-05,34,ewma,10,137
2008-08-31,GA-UQ,-0.045629720287589964,0.22723012820383978,0.00022723012820383977,34,ewma,10,137
2008-09-30,1/N,-0.12090308374634087,0.05843368379842586,5.843368379842586e-05,34,ewma,10,137
2008-09-30,GA-UQ,-0.2578609634793855,0.2797318771351131,0.0002797318771351131,34,ewma,10,137
2008-10-31,1/N,-0.1835377735485151,0.05513449362289154,5.5134493622891536e-05,34,ewma,10,137
2008-10-31,GA-UQ,-0.29517896780019215,0.013004347666410145,1.3004347666410146e-05,34,ewma,10,137
2008-11-30,1/N,-0.05710896019763897,0.10250211149851839,0.00010250211149851839,34,ewma,10,137
2008-11-30,GA-UQ,0.006445569960491239,1.0329775394018077,0.0010329775394018078,34,ewma,10,137
2008-12-31,1/N,0.0050225946213859965,0.12944328794332627,0.00012944328794332627,34,ewma,10,137
2008-12-31,GA-UQ,0.014512177867263562,1.2151866652216048,0.0012151866652216048,34,ewma,10,137
2009-01-31,1/N,-0.0676236220892811,0.09494718954043077,9.494718954043078e-05,34,ewma,10,137
2009-01-31,GA-UQ,-0.11327080998534068,0.2262004817826716,0.00022620048178267161,34,ewma,10,137
2009-02-28,1/N,-0.08238494838905695,0.07537317251810541,7.53731725181054e-05,34,ewma,10,137
2009-02-28,GA-UQ,-0.021758860378040534,0.2967781520584386,0.00029677815205843863,34,ewma,10,137
2009-03-31,1/N,0.05055071041781309,0.08465370598058218,8.465370598058219e-05,34,ewma,10,137
2009-03-31,GA-UQ,-0.03560275524634953,1.0390089701653786,0.0010390089701653787,34,ewma,10,137
2009-04-30,1/N,0.1940117845956346,0.0933460043720558,9.33460043720558e-05,34,ewma,10,137
2009-04-30,GA-UQ,0.00823452284342028,0.31469898670175306,0.00031469898670175305,34,ewma,10,137
2009-05-31,1/N,0.016886546560810275,0.0810126483972366,8.10126483972366e-05,34,ewma,10,137
2009-05-31,GA-UQ,0.03239481607715429,0.5760422420591472,0.0005760422420591473,34,ewma,10,137
2009-06-30,1/N,-0.03075148439536663,0.0990401000054203,9.90401000054203e-05,34,ewma,10,137
2009-06-30,GA-UQ,-0.04519058231094406,0.3765594143837563,0.0003765594143837563,34,ewma,10,137
2009-07-31,1/N,0.14127954874362697,0.06713466789995146,6.713466789995146e-05,34,ewma,10,137
2009-07-31,GA-UQ,0.051585133669943974,0.2295322033459944,0.0002295322033459944,34,ewma,10,137
2009-08-31,1/N,0.06755656391191313,0.03529530827310717,3.5295308273107176e-05,34,ewma,10,137
2009-08-31,GA-UQ,0.031195981183406322,0.2977322447052097,0.0002977322447052097,34,ewma,10,137
2009-09-30,1/N,0.05619453595077513,0.06594315801903174,6.594315801903174e-05,34,ewma,10,137
2009-09-30,GA-UQ,0.03328654736711337,0.5489611632820847,0.0005489611632820846,34,ewma,10,137
2009-10-31,1/N,-0.05468387266467939,0.05766800375599267,5.7668003755992666e-05,34,ewma,10,137
2009-10-31,GA-UQ,-0.05835608108632173,0.19140895069696165,0.00019140895069696165,34,ewma,10,137
2009-11-30,1/N,0.014916770429816022,0.048734301557889416,4.8734301557889416e-05,34,ewma,10,137
2009-11-30,GA-UQ,0.01491981308960917,0.4559724275668179,0.0004559724275668179,34,ewma,10,137
2009-12-31,1/N,0.09021299514280331,0.049983664449873746,4.998366444987375e-05,34,ewma,10,137
2009-12-31,GA-UQ,0.06463293607544467,0.4378554982997847,0.0004378554982997847,34,ewma,10,137
2010-01-31,1/N,-0.022832062265405566,0.04198278632525372,4.198278632525372e-05,34,ewma,10,137
2010-01-31,GA-UQ,-0.0572877104334945,0.396435355542116,0.00039643535554211603,34,ewma,10,137
2010-02-28,1/N,-0.012675430701311843,0.04099610829356766,4.099610829356766e-05,34,ewma,10,137
2010-02-28,GA-UQ,0.02712030498552747,0.12328080652247898,0.00012328080652247898,34,ewma,10,137
2010-03-31,1/N,0.08552991852258653,0.04222337327668398,4.222337327668398e-05,34,ewma,10,137
2010-03-31,GA-UQ,0.03624772084152277,0.8311527508787742,0.0008311527508787741,34,ewma,10,137
2010-04-30,1/N,-0.0008594341969323827,0.050085154954522475,5.008515495452248e-05,34,ewma,10,137
2010-04-30,GA-UQ,0.034786401094707556,0.5019913343441298,0.0005019913343441298,34,ewma,10,137
2010-05-31,1/N,-0.06977119711121046,0.03931574554074519,3.931574554074519e-05,34,ewma,10,137
2010-05-31,GA-UQ,-0.028826849627859502,0.5123011092803066,0.0005123011092803066,34,ewma,10,137
2010-06-30,1/N,-0.007645022456663744,0.036463647012806286,3.646364701280629e-05,34,ewma,10,137
2010-06-30,GA-UQ,0.05090927918388981,0.4520669204362251,0.0004520669204362251,34,ewma,10,137
2010-07-31,1/N,0.0460746523677281,0.05448718899224596,5.448718899224596e-05,34,ewma,10,137
2010-07-31,GA-UQ,-0.0011707566501098813,0.2030744565524409,0.00020307445655244093,34,ewma,10,137
2010-08-31,1/N,-0.04195476646077164,0.04305021700685233,4.305021700685234e-05,34,ewma,10,137
2010-08-31,GA-UQ,-0.03359455053041943,0.3342370104023181,0.00033423701040231815,34,ewma,10,137
2010-09-30,1/N,0.08225457282953019,0.05110254750444585,5.110254750444585e-05,34,ewma,10,137
2010-09-30,GA-UQ,0.08708368776428192,0.37328749705116837,0.0003732874970511684,34,ewma,10,137
2010-10-31,1/N,0.038541801107405876,0.03804046501961532,3.804046501961532e-05,34,ewma,10,137
2010-10-31,GA-UQ,0.005280023474987682,0.42148211945068065,0.00042148211945068067,34,ewma,10,137
2010-11-30,1/N,-0.034695277586403006,0.05081895825153186,5.081895825153186e-05,34,ewma,10,137
2010-11-30,GA-UQ,-0.01589567936391644,0.2428374998345467,0.0002428374998345467,34,ewma,10,137
2010-12-31,1/N,0.07051043427379136,0.03668874065188342,3.668874065188342e-05,34,ewma,10,137
2010-12-31,GA-UQ,0.07212840110212321,0.4909825932627408,0.0004909825932627409,34,ewma,10,137
2011-01-31,1/N,0.04438110004714976,0.05456658583922677,5.456658583922677e-05,34,ewma,10,137
2011-01-31,GA-UQ,-0.00034594863810434486,0.6019512043828097,0.0006019512043828097,34,ewma,10,137
2011-02-28,1/N,0.03265315044685409,0.04608058851387866,4.608058851387866e-05,34,ewma,10,137
2011-02-28,GA-UQ,-0.017788348393649036,0.44905001379594717,0.0004490500137959472,34,ewma,10,137
2011-03-31,1/N,-0.027326860437083763,0.05515993841315854,5.515993841315854e-05,34,ewma,10,137
2011-03-31,GA-UQ,-0.029347671554187618,0.36171242766680295,0.00036171242766680294,34,ewma,10,137
2011-04-30,1/N,0.036550237878180965,0.050463458534210935,5.0463458534210934e-05,34,ewma,10,137
2011-04-30,GA-UQ,0.01896249734402236,0.8890942441246436,0.0008890942441246436,34,ewma,10,137
2011-05-31,1/N,-0.010612386827799426,0.035041950095186715,3.5041950095186714e-05,34,ewma,10,137
2011-05-31,GA-UQ,0.04516185463379399,0.12115346174246304,0.00012115346174246304,34,ewma,10,137
2011-06-30,1/N,-0.004762210181798018,0.0367080838678006,3.67080838678006e-05,34,ewma,10,137
2011-06-30,GA-UQ,0.013368808789488028,0.826681520243981,0.000826681520243981,34,ewma,10,137
2011-07-31,1/N,-0.07430957885189422,0.034678818854405824,3.467881885440583e-05,34,ewma,10,137
2011-07-31,GA-UQ,-0.010413346888957422,0.3375416632507215,0.0003375416632507215,34,ewma,10,137
2011-08-31,1/N,-0.11671718084256597,0.03327672491552165,3.327672491552165e-05,34,ewma,10,137
2011-08-31,GA-UQ,-0.08066999923233664,0.7779788718100606,0.0007779788718100607,34,ewma,10,137
2011-09-30,1/N,-0.10274900028852402,0.06512678836480137,6.512678836480138e-05,34,ewma,10,137
2011-09-30,GA-UQ,-0.06241260328981418,1.104627401839435,0.0011046274018394352,34,ewma,10,137
2011-10-31,1/N,0.10597281125929102,0.05773875405641614,5.773875405641614e-05,34,ewma,10,137
2011-10-31,GA-UQ,0.019908734337097885,0.23143692749861577,0.0002314369274986158,34,ewma,10,137
2011-11-30,1/N,-0.05346984902371912,0.06551624862275678,6.551624862275678e-05,34,ewma,10,137
2011-11-30,GA-UQ,-0.00977426973790952,0.4961087544941058,0.0004961087544941059,34,ewma,10,137
2011-12-31,1/N,-0.01700004981562605,0.05263590345710836,5.263590345710836e-05,34,ewma,10,137
2011-12-31,GA-UQ,0.021465999672243587,0.9184633296933014,0.0009184633296933014,34,ewma,10,137
2012-01-31,1/N,0.08455298946474474,0.05886489454484083,5.8864894544840834e-05,34,ewma,10,137
2012-01-31,GA-UQ,0.061110565153934635,0.9011670943804165,0.0009011670943804166,34,ewma,10,137
2012-02-29,1/N,0.07679312568335486,0.0409783259769151,4.0978325976915104e-05,34,ewma,10,137
2012-02-29,GA-UQ,0.05665278842220974,0.572640308156958,0.000572640308156958,34,ewma,10,137
2012-03-31,1/N,-0.0009456942121921635,0.06378623879506981,6.378623879506981e-05,34,ewma,10,137
2012-03-31,GA-UQ,0.06239781285138673,0.5431862398066829,0.000543186239806683,34,ewma,10,137
2012-04-30,1/N,-0.06731321270455905,0.04736459219951451,4.736459219951451e-05,34,ewma,10,137
2012-04-30,GA-UQ,-0.001842743737610007,0.45161472615455894,0.00045161472615455893,34,ewma,10,137
2012-05-31,1/N,-0.06577622296516787,0.049276565262634825,4.927656526263482e-05,34,ewma,10,137
2012-05-31,GA-UQ,-0.0059858270046492905,0.5125556764397439,0.0005125556764397439,34,ewma,10,137
2012-06-30,1/N,0.04316086489110706,0.07368241052246421,7.368241052246421e-05,34,ewma,10,137
2012-06-30,GA-UQ,0.03055294187985656,1.4024740464949728,0.0014024740464949727,34,ewma,10,137
2012-07-31,1/N,0.01324147567959371,0.054564149503591154,5.4564149503591156e-05,34,ewma,10,137
2012-07-31,GA-UQ,-0.011838260304877356,0.9485039001523888,0.0009485039001523889,34,ewma,10,137
2012-08-31,1/N,0.02860211758199103,0.04602662689418405,4.602662689418405e-05,34,ewma,10,137
2012-08-31,GA-UQ,-0.004689831864005077,0.14457518632528255,0.00014457518632528255,34,ewma,10,137
2012-09-30,1/N,-0.004896626854005203,0.05590469111527632,5.590469111527632e-05,34,ewma,10,137
2012-09-30,GA-UQ,0.03541476245661638,0.5334947248821682,0.0005334947248821682,34,ewma,10,137
2012-10-31,1/N,-0.0009321910549591101,0.04190811094728869,4.190811094728869e-05,34,ewma,10,137
2012-10-31,GA-UQ,0.010585743118688783,0.35160993551186304,0.00035160993551186303,34,ewma,10,137
2012-11-30,1/N,0.0480824541004778,0.05417314402478497,5.4173144024784975e-05,34,ewma,10,137
2012-11-30,GA-UQ,0.058234635984090524,0.1735647378751874,0.0001735647378751874,34,ewma,10,137
2012-12-31,1/N,0.035730998270992145,0.052123239199960016,5.212323919996002e-05,34,ewma,10,137
2012-12-31,GA-UQ,0.01222391792401281,0.7710084109740392,0.0007710084109740392,34,ewma,10,137
2013-01-31,1/N,0.04031190200832468,0.02770454172330494,2.770454172330494e-05,34,ewma,10,137
2013-01-31,GA-UQ,0.012714052205082064,0.07524297679443662,7.524297679443662e-05,34,ewma,10,137
2013-02-28,1/N,0.009629486997649452,0.03574073480110118,3.5740734801101184e-05,34,ewma,10,137
2013-02-28,GA-UQ,0.04767586345170422,0.1955385392000123,0.0001955385392000123,34,ewma,10,137
2013-03-31,1/N,0.0014741096848076465,0.048424895789792394,4.8424895789792396e-05,34,ewma,10,137
2013-03-31,GA-UQ,0.014017610036853662,0.16227377393825598,0.00016227377393825598,34,ewma,10,137
2013-04-30,1/N,0.0190892671291952,0.04814701627093114,4.814701627093114e-05,34,ewma,10,137
2013-04-30,GA-UQ,0.03931580916250594,0.4591418698942828,0.0004591418698942828,34,ewma,10,137
2013-05-31,1/N,0.04616785756946001,0.044855566362469304,4.48555663624693e-05,34,ewma,10,137
2013-05-31,GA-UQ,0.04716106791866911,0.44237293179655346,0.00044237293179655345,34,ewma,10,137
2013-06-30,1/N,-0.04166653641477685,0.040011890644603296,4.0011890644603296e-05,34,ewma,10,137
2013-06-30,GA-UQ,-0.034527412356341214,0.5211281129845862,0.0005211281129845861,34,ewma,10,137
2013-07-31,1/N,0.09102139866843553,0.06917745192585747,6.917745192585747e-05,34,ewma,10,137
2013-07-31,GA-UQ,0.09259050205532082,0.6145814307500236,0.0006145814307500235,34,ewma,10,137
2013-08-31,1/N,-0.01645373608841045,0.037906982924264504,3.79069829242645e-05,34,ewma,10,137
2013-08-31,GA-UQ,-0.03303119750867161,0.12311274919567891,0.00012311274919567892,34,ewma,10,137
2013-09-30,1/N,0.07363670624853685,0.04741684452696623,4.741684452696623e-05,34,ewma,10,137
2013-09-30,GA-UQ,0.042001089163378066,0.7242016371851284,0.0007242016371851284,34,ewma,10,137
2013-10-31,1/N,0.04134162149063389,0.030144562090946906,3.0144562090946905e-05,34,ewma,10,137
2013-10-31,GA-UQ,-0.014867261620940417,0.3642212568489488,0.0003642212568489488,34,ewma,10,137
2013-11-30,1/N,0.01115503045321176,0.04747816824321364,4.747816824321364e-05,34,ewma,10,137
2013-11-30,GA-UQ,0.0015709930433674432,0.3353212239841239,0.0003353212239841239,34,ewma,10,137
2013-12-31,1/N,0.01117109515912766,0.05425805414382005,5.425805414382006e-05,34,ewma,10,137
2013-12-31,GA-UQ,0.037174131504367186,0.6642539926949977,0.0006642539926949978,34,ewma,10,137
2014-01-31,1/N,-0.014871849910372773,0.03934239051692345,3.9342390516923456e-05,34,ewma,10,137
2014-01-31,GA-UQ,0.00609436156847241,0.4584483659946204,0.00045844836599462043,34,ewma,10,137
2014-02-28,1/N,0.051242447024306526,0.034049402955158986,3.4049402955158985e-05,34,ewma,10,137
2014-02-28,GA-UQ,0.002347706370867247,0.5367358543920809,0.000536735854392081,34,ewma,10,137
2014-03-31,1/N,-0.002255212624909198,0.04622443592201251,4.622443592201251e-05,34,ewma,10,137
2014-03-31,GA-UQ,-0.027371093595954358,0.30440778019421005,0.00030440778019421005,34,ewma,10,137
2014-04-30,1/N,0.026177496794210383,0.04833831042740083,4.8338310427400836e-05,34,ewma,10,137
2014-04-30,GA-UQ,-0.04000448579171356,0.5173231714609547,0.0005173231714609548,34,ewma,10,137
2014-05-31,1/N,0.00617350139569079,0.029117375840297745,2.9117375840297746e-05,34,ewma,10,137
2014-05-31,GA-UQ,0.021696477450759914,0.546180665449805,0.000546180665449805,34,ewma,10,137
2014-06-30,1/N,-0.033364529199361385,0.05209376144558486,5.2093761445584866e-05,34,ewma,10,137
2014-06-30,GA-UQ,-0.011918851272125745,0.44232091093200876,0.00044232091093200876,34,ewma,10,137
2014-07-31,1/N,-0.02940443259165891,0.03783948838387454,3.783948838387454e-05,34,ewma,10,137
2014-07-31,GA-UQ,-0.02730071992210498,0.09609314962533737,9.609314962533736e-05,34,ewma,10,137
2014-08-31,1/N,0.015768890765951928,0.031868560720544725,3.1868560720544723e-05,34,ewma,10,137
2014-08-31,GA-UQ,0.024685736212070392,0.38398995612440795,0.00038398995612440794,34,ewma,10,137
2014-09-30,1/N,-0.016416455263919653,0.04197877057808912,4.197877057808912e-05,34,ewma,10,137
2014-09-30,GA-UQ,-0.011168291113055569,0.17787208019905706,0.00017787208019905707,34,ewma,10,137
2014-10-31,1/N,-0.018741608097285114,0.03278891335804025,3.2788913358040254e-05,34,ewma,10,137
2014-10-31,GA-UQ,0.002219383396105125,0.10732061802110308,0.00010732061802110308,34,ewma,10,137
2014-11-30,1/N,0.06363365812389557,0.034251058294872724,3.425105829487273e-05,34,ewma,10,137
2014-11-30,GA-UQ,0.07002558895684917,0.6783203542109877,0.0006783203542109877,34,ewma,10,137
2014-12-31,1/N,-0.001730508127430137,0.03949431902512821,3.949431902512821e-05,34,ewma,10,137
2014-12-31,GA-UQ,-0.002560731512193275,0.3677435899082207,0.0003677435899082207,34,ewma,10,137
2015-01-31,1/N,0.09287240118085012,0.0423606177996857,4.2360617799685705e-05,34,ewma,10,137
2015-01-31,GA-UQ,0.16077294998488897,0.18146719056498598,0.00018146719056498598,34,ewma,10,137
2015-02-28,1/N,0.0790747044985536,0.033925301457639986,3.392530145763999e-05,34,ewma,10,137
2015-02-28,GA-UQ,0.08653613446675555,0.3881090444662901,0.00038810904446629006,34,ewma,10,137
2015-03-31,1/N,0.01703676294394839,0.04473708429226171,4.473708429226171e-05,34,ewma,10,137
2015-03-31,GA-UQ,0.026474899190713285,0.35647257654716086,0.00035647257654716086,34,ewma,10,137
2015-04-30,1/N,0.008063206324178306,0.043087333035526976,4.3087333035526974e-05,34,ewma,10,137
2015-04-30,GA-UQ,0.045141081408155884,0.32450939955427366,0.0003245093995542737,34,ewma,10,137
2015-05-31,1/N,0.005432510280702229,0.03126141536968989,3.1261415369689894e-05,34,ewma,10,137
2015-05-31,GA-UQ,0.002644315963226794,0.67268918722066,0.00067268918722066,34,ewma,10,137
2015-06-30,1/N,-0.05260024916928538,0.043054063921733055,4.305406392173306e-05,34,ewma,10,137
2015-06-30,GA-UQ,-0.03540907599104808,0.6231368747021825,0.0006231368747021825,34,ewma,10,137
2015-07-31,1/N,0.037614042382168617,0.030700668074160668,3.070066807416067e-05,34,ewma,10,137
2015-07-31,GA-UQ,-0.06152296379726008,0.5556792728002851,0.0005556792728002851,34,ewma,10,137
2015-08-31,1/N,-0.07642231461803527,0.025189814871573585,2.5189814871573585e-05,34,ewma,10,137
2015-08-31,GA-UQ,-0.07902868624073797,0.3791678254510677,0.0003791678254510677,34,ewma,10,137
2015-09-30,1/N,-0.035290106274536596,0.04853609164676141,4.853609164676141e-05,34,ewma,10,137
2015-09-30,GA-UQ,0.037688088581150116,1.075586017213301,0.001075586017213301,34,ewma,10,137
2015-10-31,1/N,0.1017266981265825,0.04006635297264605,4.0066352972646045e-05,34,ewma,10,137
2015-10-31,GA-UQ,0.06691223694166223,0.6465303344522758,0.0006465303344522759,34,ewma,10,137
2015-11-30,1/N,0.01851357828938239,0.053204687999298825,5.320468799929883e-05,34,ewma,10,137
2015-11-30,GA-UQ,0.030657432191244845,0.7527562400183045,0.0007527562400183045,34,ewma,10,137
2015-12-31,1/N,-0.04802921759775267,0.04537019162641391,4.537019162641391e-05,34,ewma,10,137
2015-12-31,GA-UQ,-0.02706394675377812,0.34117839344093626,0.0003411783934409363,34,ewma,10,137
2016-01-31,1/N,-0.04521104166069049,0.03926780868926079,3.926780868926079e-05,34,ewma,10,137
2016-01-31,GA-UQ,-0.054074734658982285,0.13191239763820412,0.0001319123976382041,34,ewma,10,137
2016-02-29,1/N,-0.021312548864780293,0.04310971919870313,4.310971919870313e-05,34,ewma,10,137
2016-02-29,GA-UQ,0.01693630199377307,0.2394101970955239,0.00023941019709552392,34,ewma,10,137
2016-03-31,1/N,0.038166985990069006,0.05380493630699499,5.380493630699499e-05,34,ewma,10,137
2016-03-31,GA-UQ,0.052972604144770764,0.4111500806983847,0.0004111500806983847,34,ewma,10,137
2016-04-30,1/N,0.010874328575700922,0.05236157715471238,5.2361577154712385e-05,34,ewma,10,137
2016-04-30,GA-UQ,-0.011917130054553894,0.23553197705174483,0.00023553197705174483,34,ewma,10,137
2016-05-31,1/N,0.014732518443642033,0.06052869860781656,6.052869860781656e-05,34,ewma,10,137
2016-05-31,GA-UQ,0.01484273806969102,0.519838506898694,0.000519838506898694,34,ewma,10,137
2016-06-30,1/N,-0.06941005436748658,0.046647570971141764,4.664757097114176e-05,34,ewma,10,137
2016-06-30,GA-UQ,-0.040048899478849175,0.08913716193897626,8.913716193897626e-05,34,ewma,10,137
2016-07-31,1/N,0.08208568697770399,0.030145048543463115,3.0145048543463117e-05,34,ewma,10,137
2016-07-31,GA-UQ,0.08838048980319034,0.4179277574663303,0.00041792775746633034,34,ewma,10,137
2016-08-31,1/N,0.0014857863008331377,0.05150227121960636,5.150227121960637e-05,34,ewma,10,137
2016-08-31,GA-UQ,-0.023839804239192335,0.4880796878570965,0.0004880796878570965,34,ewma,10,137
2016-09-30,1/N,0.016685431302932638,0.06299568600188715,6.299568600188715e-05,34,ewma,10,137
2016-09-30,GA-UQ,0.05895725454048411,0.30634011426584695,0.00030634011426584694,34,ewma,10,137
2016-10-31,1/N,0.01857568885051333,0.028600578842086482,2.8600578842086483e-05,34,ewma,10,137
2016-10-31,GA-UQ,0.030700465750271067,0.14243821209696944,0.00014243821209696946,34,ewma,10,137
2016-11-30,1/N,0.006032866972831148,0.02634721313171943,2.634721313171943e-05,34,ewma,10,137
2016-11-30,GA-UQ,0.053297034769708165,0.26929110880845475,0.00026929110880845477,34,ewma,10,137
2016-12-31,1/N,0.059013987291267604,0.05237474975601748,5.237474975601748e-05,34,ewma,10,137
2016-12-31,GA-UQ,0.01023814474329079,0.0555007242011803,5.55007242011803e-05,34,ewma,10,137
2017-01-31,1/N,-0.002141460220744767,0.04175642900369409,4.175642900369409e-05,34,ewma,10,137
2017-01-31,GA-UQ,-0.041890754785976314,0.1634174161523692,0.00016341741615236922,34,ewma,10,137
2017-02-28,1/N,0.03241394122945488,0.029233063710011647,2.9233063710011648e-05,34,ewma,10,137
2017-02-28,GA-UQ,0.052620685216979046,0.3100103163267895,0.0003100103163267895,34,ewma,10,137
2017-03-31,1/N,0.048764075011890735,0.043680917985018636,4.3680917985018636e-05,34,ewma,10,137
2017-03-31,GA-UQ,0.01806274977616195,0.6866722833569338,0.0006866722833569338,34,ewma,10,137
2017-04-30,1/N,0.030598430527833616,0.03901951052911109,3.901951052911109e-05,34,ewma,10,137
2017-04-30,GA-UQ,0.033312668605308536,0.5716457466781341,0.0005716457466781341,34,ewma,10,137
2017-05-31,1/N,0.010187692175096975,0.03350754369429355,3.350754369429355e-05,34,ewma,10,137
2017-05-31,GA-UQ,0.01874472122230879,0.4891351163271824,0.0004891351163271824,34,ewma,10,137
2017-06-30,1/N,-0.030984133792996995,0.030733767253435115,3.0733767253435114e-05,34,ewma,10,137
2017-06-30,GA-UQ,-0.052451081575631824,0.6082684561239978,0.0006082684561239979,34,ewma,10,137
2017-07-31,1/N,0.003260574727114968,0.03341066295184651,3.341066295184651e-05,34,ewma,10,137
2017-07-31,GA-UQ,0.0003599098911395833,0.1515990885628889,0.0001515990885628889,34,ewma,10,137
2017-08-31,1/N,-0.008000432196690296,0.028624427482327384,2.8624427482327384e-05,34,ewma,10,137
2017-08-31,GA-UQ,-0.01310292450054312,0.06878786573327743,6.878786573327743e-05,34,ewma,10,137
2017-09-30,1/N,0.06269461327868404,0.03100770132530534,3.100770132530534e-05,34,ewma,10,137
2017-09-30,GA-UQ,0.041712992609095896,0.7020502511246585,0.0007020502511246585,34,ewma,10,137
2017-10-31,1/N,0.0330287782034031,0.02910626510748089,2.9106265107480892e-05,34,ewma,10,137
2017-10-31,GA-UQ,-0.006038897749253104,0.41039038706839304,0.000410390387068393,34,ewma,10,137
2017-11-30,1/N,-0.009871377744757872,0.041460806526637375,4.146080652663738e-05,34,ewma,10,137
2017-11-30,GA-UQ,-0.05486733478891245,0.14333848509753871,0.0001433384850975387,34,ewma,10,137
2017-12-31,1/N,0.0014605767501520187,0.044267059351315946,4.4267059351315944e-05,34,ewma,10,137
2017-12-31,GA-UQ,0.01673982326408512,0.3613126994993624,0.00036131269949936243,34,ewma,10,137
2018-01-31,1/N,0.030168288347475945,0.03007296121487464,3.0072961214874642e-05,34,ewma,10,137
2018-01-31,GA-UQ,0.02577982085022089,0.7998459463011087,0.0007998459463011087,34,ewma,10,137
2018-02-28,1/N,-0.02453890469307181,0.022301648475014483,2.2301648475014482e-05,34,ewma,10,137
2018-02-28,GA-UQ,-0.023153360148760595,0.664757245475623,0.000664757245475623,34,ewma,10,137
2018-03-31,1/N,-0.023636744815436383,0.03112556625981391,3.112556625981391e-05,34,ewma,10,137
2018-03-31,GA-UQ,0.016292817782909832,0.2797331534648752,0.0002797331534648752,34,ewma,10,137
2018-04-30,1/N,0.05327167290115842,0.03924881447571682,3.924881447571682e-05,34,ewma,10,137
2018-04-30,GA-UQ,0.08108986885237532,0.5459232462748571,0.0005459232462748571,34,ewma,10,137
2018-05-31,1/N,-0.004073553419344092,0.04525015956823134,4.5250159568231345e-05,34,ewma,10,137
2018-05-31,GA-UQ,0.06723492360314363,0.4599466330599466,0.0004599466330599466,34,ewma,10,137
2018-06-30,1/N,-0.03495916600895008,0.045314389808701075,4.531438980870108e-05,34,ewma,10,137
2018-06-30,GA-UQ,-0.013087272817774637,0.24777954497471724,0.00024777954497471726,34,ewma,10,137
2018-07-31,1/N,0.021065185357413745,0.05016834406796027,5.016834406796027e-05,34,ewma,10,137
2018-07-31,GA-UQ,-0.027059699031745158,0.23928794797538783,0.00023928794797538783,34,ewma,10,137
2018-08-31,1/N,-0.019798251245005272,0.04445255229071905,4.445255229071905e-05,34,ewma,10,137
2018-08-31,GA-UQ,0.043162967966773685,0.3042909351143459,0.0003042909351143459,34,ewma,10,137
2018-09-30,1/N,0.014073858981279483,0.03987848728158791,3.987848728158791e-05,34,ewma,10,137
2018-09-30,GA-UQ,-0.04325905862268791,0.3558485748019175,0.0003558485748019175,34,ewma,10,137
2018-10-31,1/N,-0.08050595419038888,0.03976929671284475,3.976929671284475e-05,34,ewma,10,137
2018-10-31,GA-UQ,-0.14422136806111419,0.5657671601582994,0.0005657671601582994,34,ewma,10,137
2018-11-30,1/N,-0.022459986649557284,0.039303109326747236,3.930310932674724e-05,34,ewma,10,137
2018-11-30,GA-UQ,-0.04623649601566675,0.5497694853773796,0.0005497694853773795,34,ewma,10,137
2018-12-31,1/N,-0.05620828812685933,0.06319519549107713,6.319519549107714e-05,34,ewma,10,137
2018-12-31,GA-UQ,-0.02258432246098896,1.233001145507723,0.0012330011455077231,34,ewma,10,137
2019-01-31,1/N,0.060452829652233364,0.04436365839276552,4.436365839276552e-05,34,ewma,10,137
2019-01-31,GA-UQ,0.03121827393303742,0.7988975235024738,0.0007988975235024738,34,ewma,10,137
2019-02-28,1/N,0.05283601648644301,0.04185302600857702,4.185302600857702e-05,34,ewma,10,137
2019-02-28,GA-UQ,0.0671602892076711,0.7151572135889942,0.0007151572135889943,34,ewma,10,137
2019-03-31,1/N,-0.008580480535782115,0.044280447891985444,4.4280447891985446e-05,34,ewma,10,137
2019-03-31,GA-UQ,0.038675682102368714,0.6720260437095353,0.0006720260437095354,34,ewma,10,137
2019-04-30,1/N,0.060200095833173824,0.04095278800181208,4.095278800181208e-05,34,ewma,10,137
2019-04-30,GA-UQ,0.03271689282858161,0.7932977853716805,0.0007932977853716805,34,ewma,10,137
2019-05-31,1/N,-0.08305400779172444,0.046167133306180885,4.6167133306180886e-05,34,ewma,10,137
2019-05-31,GA-UQ,-0.09619958752602727,0.5702225075805019,0.0005702225075805018,34,ewma,10,137
2019-06-30,1/N,0.06364472618299834,0.04659796131748832,4.659796131748832e-05,34,ewma,10,137
2019-06-30,GA-UQ,0.11738215849501535,0.3893865527981613,0.00038938655279816133,34,ewma,10,137
2019-07-31,1/N,-0.005248945193602202,0.06190034192679518,6.190034192679519e-05,34,ewma,10,137
2019-07-31,GA-UQ,-0.07894995383052242,0.7033119001884947,0.0007033119001884947,34,ewma,10,137
2019-08-31,1/N,-0.014099798382287788,0.05015595053101032,5.015595053101032e-05,34,ewma,10,137
2019-08-31,GA-UQ,-0.04186644670930471,0.04653658846209627,4.653658846209627e-05,34,ewma,10,137
2019-09-30,1/N,0.04131620230220338,0.042265672747184374,4.226567274718437e-05,34,ewma,10,137
2019-09-30,GA-UQ,0.01161922644986602,0.8049342685360491,0.0008049342685360491,34,ewma,10,137
2019-10-31,1/N,0.006666753963123335,0.05199216139820975,5.199216139820975e-05,34,ewma,10,137
2019-10-31,GA-UQ,0.04242229629373322,0.9926634599596901,0.00099266345995969,34,ewma,10,137
2019-11-30,1/N,0.027811446242200527,0.0475714784618262,4.7571478461826205e-05,34,ewma,10,137
2019-11-30,GA-UQ,0.05341120993601693,0.7337154509957038,0.0007337154509957038,34,ewma,10,137
2019-12-31,1/N,0.0031701337390251166,0.048269954412304666,4.826995441230467e-05,34,ewma,10,137
2019-12-31,GA-UQ,-0.02071458703712034,0.4533864836405273,0.0004533864836405273,34,ewma,10,137
2020-01-31,1/N,-0.033362832289640224,0.04160973237707055,4.160973237707055e-05,34,ewma,10,137
2020-01-31,GA-UQ,-0.001673517160287436,0.4199693980496735,0.0004199693980496735,34,ewma,10,137
2020-02-29,1/N,-0.08260741347274506,0.03388832052769217,3.388832052769217e-05,34,ewma,10,137
2020-02-29,GA-UQ,-0.08916707144489613,0.41540285848405795,0.000415402858484058,34,ewma,10,137
2020-03-31,1/N,-0.18044118627300496,0.05829179179301168,5.829179179301168e-05,34,ewma,10,137
2020-03-31,GA-UQ,-0.202736588963116,0.9814071035616816,0.0009814071035616817,34,ewma,10,137
2020-04-30,1/N,0.060383049691739535,0.039250696448870824,3.925069644887082e-05,34,ewma,10,137
2020-04-30,GA-UQ,-0.008209183163069997,0.8772665711835562,0.0008772665711835562,34,ewma,10,137
2020-05-31,1/N,0.021964108877061822,0.1209852506222839,0.0001209852506222839,34,ewma,10,137
2020-05-31,GA-UQ,0.03765262889442976,1.1488730311950202,0.0011488730311950202,34,ewma,10,137
2020-06-30,1/N,0.047547922618605895,0.06951065049062437,6.951065049062437e-05,34,ewma,10,137
2020-06-30,GA-UQ,0.053535454122176154,0.717653740771552,0.000717653740771552,34,ewma,10,137
2020-07-31,1/N,-0.03666172666302955,0.047860987811861114,4.7860987811861116e-05,34,ewma,10,137
2020-07-31,GA-UQ,-0.0033072453171166753,0.1588194942586906,0.0001588194942586906,34,ewma,10,137
2020-08-31,1/N,0.05890069496293318,0.04445298347870059,4.445298347870059e-05,34,ewma,10,137
2020-08-31,GA-UQ,0.004520023451596228,0.17375883831955294,0.00017375883831955295,34,ewma,10,137
2020-09-30,1/N,-0.016589152956046255,0.05357286902843758,5.3572869028437585e-05,34,ewma,10,137
2020-09-30,GA-UQ,-0.0014830415890677976,0.48191615838132484,0.00048191615838132486,34,ewma,10,137
2020-10-31,1/N,-0.04643210425757044,0.05374824957973512,5.374824957973512e-05,34,ewma,10,137
2020-10-31,GA-UQ,-0.05004169254051558,0.24021721074492544,0.00024021721074492545,34,ewma,10,137
2020-11-30,1/N,0.22150499973411933,0.05923291075936792,5.9232910759367925e-05,34,ewma,10,137
2020-11-30,GA-UQ,0.0912783700008194,0.6565541983787306,0.0006565541983787306,34,ewma,10,137
2020-12-31,1/N,0.015243107655649724,0.05648871024922441,5.648871024922441e-05,34,ewma,10,137
2020-12-31,GA-UQ,0.03903098014866624,0.4549908310283213,0.0004549908310283213,34,ewma,10,137
2021-01-31,1/N,-0.020412139629139868,0.08854210344518958,8.854210344518958e-05,34,ewma,10,137
2021-01-31,GA-UQ,-0.040896970477388654,0.017946172370467507,1.7946172370467506e-05,34,ewma,10,137
2021-02-28,1/N,0.05533142180073843,0.04288596297114022,4.288596297114022e-05,34,ewma,10,137
2021-02-28,GA-UQ,0.04533866498775868,0.1368449968591196,0.00013684499685911962,34,ewma,10,137
2021-03-31,1/N,0.057618937364907995,0.046267065701626,4.626706570162601e-05,34,ewma,10,137
2021-03-31,GA-UQ,0.07250187883085606,0.14071379639586518,0.00014071379639586518,34,ewma,10,137
2021-04-30,1/N,0.013049488724787275,0.058899408733204296,5.88994087332043e-05,34,ewma,10,137
2021-04-30,GA-UQ,0.07248617903067033,0.4964154331295296,0.0004964154331295297,34,ewma,10,137
2021-05-31,1/N,0.010081540554217701,0.043030868879357,4.3030868879357e-05,34,ewma,10,137
2021-05-31,GA-UQ,0.053877656334223756,0.38430249929678384,0.00038430249929678387,34,ewma,10,137
2021-06-30,1/N,-0.007043297982890055,0.04193210317322081,4.193210317322081e-05,34,ewma,10,137
2021-06-30,GA-UQ,0.03633769901098773,0.5765827561443221,0.0005765827561443221,34,ewma,10,137
2021-07-31,1/N,-0.0008432742592130276,0.0335544175871003,3.35544175871003e-05,34,ewma,10,137
2021-07-31,GA-UQ,0.023160331737902464,0.5165140833940384,0.0005165140833940383,34,ewma,10,137
2021-08-31,1/N,0.02246064584923008,0.03834476015496585,3.834476015496585e-05,34,ewma,10,137
2021-08-31,GA-UQ,-0.06060701044051196,0.794580452107959,0.0007945804521079591,34,ewma,10,137
2021-09-30,1/N,-0.008387131887533955,0.05996547157422458,5.996547157422458e-05,34,ewma,10,137
2021-09-30,GA-UQ,-0.04416768272428244,0.980437281486511,0.000980437281486511,34,ewma,10,137
2021-10-31,1/N,0.029400637553232026,0.039890162555246945,3.9890162555246945e-05,34,ewma,10,137
2021-10-31,GA-UQ,0.10305035040936701,0.6173981736986035,0.0006173981736986035,34,ewma,10,137
2021-11-30,1/N,-0.043427087787117534,0.04556859971467125,4.556859971467125e-05,34,ewma,10,137
2021-11-30,GA-UQ,0.026770609441523756,1.2763234473098863,0.0012763234473098864,34,ewma,10,137
2021-12-31,1/N,0.06230295837576838,0.04019589687794894,4.019589687794894e-05,34,ewma,10,137
2021-12-31,GA-UQ,0.023564399293340758,0.49218547537366647,0.0004921854753736664,34,ewma,10,137
2022-01-31,1/N,-0.018289345537145372,0.059127033265837195,5.91270332658372e-05,34,ewma,10,137
2022-01-31,GA-UQ,-0.061626117625207845,0.04108841298311422,4.108841298311422e-05,34,ewma,10,137
2022-02-28,1/N,-0.041996893410537854,0.033385107858898415,3.3385107858898414e-05,34,ewma,10,137
2022-02-28,GA-UQ,-0.08080771815743078,0.40887388099668504,0.00040887388099668503,34,ewma,10,137
2022-03-31,1/N,-0.016958067873969855,0.06724548131273864,6.724548131273863e-05,34,ewma,10,137
2022-03-31,GA-UQ,0.007897094188971828,0.1694891424267942,0.0001694891424267942,34,ewma,10,137
2022-04-30,1/N,-0.009247496130054022,0.07628051760483137,7.628051760483137e-05,34,ewma,10,137
2022-04-30,GA-UQ,-0.0706786658740762,0.22716078682479368,0.00022716078682479367,34,ewma,10,137
2022-05-31,1/N,0.007243892529554918,0.06700653005573962,6.700653005573962e-05,34,ewma,10,137
2022-05-31,GA-UQ,0.016974888327689248,0.40724067340464964,0.00040724067340464965,34,ewma,10,137
2022-06-30,1/N,-0.12320865028295226,0.04419623334350431,4.419623334350431e-05,34,ewma,10,137
2022-06-30,GA-UQ,-0.12313336203808788,0.55647723863415,0.00055647723863415,34,ewma,10,137
2022-07-31,1/N,0.06341829939807128,0.06591611502623283,6.591611502623284e-05,34,ewma,10,137
2022-07-31,GA-UQ,0.13703596370982318,0.6026665021265423,0.0006026665021265422,34,ewma,10,137
2022-08-31,1/N,-0.0461972668174522,0.09241658167755391,9.241658167755392e-05,34,ewma,10,137
2022-08-31,GA-UQ,-0.04079464742808904,1.1963947459711504,0.0011963947459711504,34,ewma,10,137
2022-09-30,1/N,-0.0866203366557067,0.06769784340346283,6.769784340346283e-05,34,ewma,10,137
2022-09-30,GA-UQ,-0.0719955612264317,0.25579030338475117,0.0002557903033847512,34,ewma,10,137
2022-10-31,1/N,0.09292867141783216,0.049514298640459295,4.951429864045929e-05,34,ewma,10,137
2022-10-31,GA-UQ,0.04303761091911061,0.15892286478271755,0.00015892286478271756,34,ewma,10,137
2022-11-30,1/N,0.06928956190635711,0.051092292406097396,5.10922924060974e-05,34,ewma,10,137
2022-11-30,GA-UQ,0.08429575950733088,0.5335321899442734,0.0005335321899442734,34,ewma,10,137
2022-12-31,1/N,-0.04495121400020115,0.061682959862532874,6.168295986253288e-05,34,ewma,10,137
2022-12-31,GA-UQ,-0.05136979067847253,0.5525537352405625,0.0005525537352405626,34,ewma,10,137
2023-01-31,1/N,0.12292661540965975,0.04378621716240066,4.3786217162400655e-05,34,ewma,10,137
2023-01-31,GA-UQ,0.10994311539124584,0.44161423836012614,0.00044161423836012613,34,ewma,10,137
2023-02-28,1/N,0.04206440210119949,0.03445583208133337,3.445583208133337e-05,34,ewma,10,137
2023-02-28,GA-UQ,0.010423425423044077,0.30233638516264405,0.0003023363851626441,34,ewma,10,137
2023-03-31,1/N,-0.027172767426125396,0.06377013440862914,6.377013440862913e-05,34,ewma,10,137
2023-03-31,GA-UQ,0.0261383155816886,0.13123795347038214,0.00013123795347038213,34,ewma,10,137
2023-04-30,1/N,0.019436268788107672,0.04089326466284112,4.0893264662841125e-05,34,ewma,10,137
2023-04-30,GA-UQ,0.036902308933988284,0.6136906137158948,0.0006136906137158949,34,ewma,10,137
2023-05-31,1/N,-0.04969994517404181,0.059365229914925266,5.9365229914925265e-05,34,ewma,10,137
2023-05-31,GA-UQ,-0.07076369139936699,0.607469040284108,0.000607469040284108,34,ewma,10,137
2023-06-30,1/N,0.035146101358487176,0.05506404654227452,5.5064046542274524e-05,34,ewma,10,137
2023-06-30,GA-UQ,0.05220019630691006,0.37381986652507576,0.00037381986652507577,34,ewma,10,137
2023-07-31,1/N,-0.0008206333212268842,0.05687517310185096,5.687517310185096e-05,34,ewma,10,137
2023-07-31,GA-UQ,-0.0023125554501621554,0.45638607556886784,0.00045638607556886787,34,ewma,10,137
2023-08-31,1/N,-0.028952002731354603,0.04538728496558025,4.538728496558025e-05,34,ewma,10,137
2023-08-31,GA-UQ,-0.0384115450283361,0.19208804574377075,0.00019208804574377076,34,ewma,10,137
2023-09-30,1/N,-0.04788561558571444,0.05533166996390573,5.533166996390573e-05,34,ewma,10,137
2023-09-30,GA-UQ,-0.015617781819536363,0.5769627606768483,0.0005769627606768483,34,ewma,10,137
2023-10-31,1/N,-0.05320246122862293,0.0478082680031198,4.78082680031198e-05,34,ewma,10,137
2023-10-31,GA-UQ,-0.002579366715131973,0.5344086192604818,0.0005344086192604818,34,ewma,10,137
2023-11-30,1/N,0.041387374038014034,0.062181886656954566,6.218188665695457e-05,34,ewma,10,137
2023-11-30,GA-UQ,0.028808484189649406,0.4842026558742447,0.0004842026558742447,34,ewma,10,137
2023-12-31,1/N,0.04285689023479209,0.0897460696535897,8.974606965358969e-05,34,ewma,10,137
2023-12-31,GA-UQ,-0.0009848669788132267,0.5789796540598398,0.0005789796540598398,34,ewma,10,137
2024-01-31,1/N,-0.01820048868317564,0.05841631268598401,5.841631268598401e-05,34,ewma,10,137
2024-01-31,GA-UQ,0.037478429940920904,0.46399350043020593,0.00046399350043020596,34,ewma,10,137
2024-02-29,1/N,-0.001176413140433935,0.04502633983550035,4.502633983550035e-05,34,ewma,10,137
2024-02-29,GA-UQ,0.01271478536704521,0.24597902829909965,0.0002459790282990997,34,ewma,10,137
2024-03-31,1/N,0.0061210304519754575,0.06893772644607146,6.893772644607146e-05,34,ewma,10,137
2024-03-31,GA-UQ,0.07335185355300569,0.20081855062817433,0.00020081855062817434,34,ewma,10,137
2024-04-30,1/N,-0.029213122334630887,0.08172044857221673,8.172044857221674e-05,34,ewma,10,137
2024-04-30,GA-UQ,0.013312753584228867,0.3358661532199735,0.0003358661532199735,34,ewma,10,137
2024-05-31,1/N,0.022698938443720024,0.08836972085604339,8.836972085604339e-05,34,ewma,10,137
2024-05-31,GA-UQ,0.0053197520134662035,0.18473321872258883,0.00018473321872258884,34,ewma,10,137
2024-06-30,1/N,-0.08697791914078849,0.051213140713395326,5.121314071339533e-05,34,ewma,10,137
2024-06-30,GA-UQ,-0.06699700953151336,0.234982744319841,0.000234982744319841,34,ewma,10,137
2024-07-31,1/N,0.006569597536599651,0.0549160389078024,5.49160389078024e-05,34,ewma,10,137
2024-07-31,GA-UQ,-0.02119803999036719,0.28745471846018134,0.00028745471846018135,34,ewma,10,137
2024-08-31,1/N,-0.0054807999162759,0.06251650843147728,6.251650843147728e-05,34,ewma,10,137
2024-08-31,GA-UQ,0.017783481498990592,0.3620784324999693,0.0003620784324999693,34,ewma,10,137
2024-09-30,1/N,-0.003957415195811585,0.05319429044498679,5.319429044498679e-05,34,ewma,10,137
2024-09-30,GA-UQ,-0.008613983795878829,0.8438290201168982,0.0008438290201168982,34,ewma,10,137
2024-10-31,1/N,-0.016374138090893654,0.03762781111429066,3.762781111429066e-05,34,ewma,10,137
2024-10-31,GA-UQ,0.01942244301817087,0.3903360127057503,0.0003903360127057503,34,ewma,10,137
